Temperature - (Celsius), Year, Month, Country, ISO3
-29.268, 1901, Jan, Russia, RUS
-22.378, 1901, Feb, Russia, RUS
-15.53, 1901, Mar, Russia, RUS
-6.1767, 1901, Apr, Russia, RUS
2.52603, 1901, May, Russia, RUS
11.0834, 1901, Jun, Russia, RUS
14.1427, 1901, Jul, Russia, RUS
12.008, 1901, Aug, Russia, RUS
4.67951, 1901, Sep, Russia, RUS
-6.4812, 1901, Oct, Russia, RUS
-17.308, 1901, Nov, Russia, RUS
-26.783, 1901, Dec, Russia, RUS
-28.835, 1902, Jan, Russia, RUS
-24.389, 1902, Feb, Russia, RUS
-19.914, 1902, Mar, Russia, RUS
-9.7709, 1902, Apr, Russia, RUS
0.39964, 1902, May, Russia, RUS
9.78632, 1902, Jun, Russia, RUS
14.7079, 1902, Jul, Russia, RUS
11.4739, 1902, Aug, Russia, RUS
5.01936, 1902, Sep, Russia, RUS
-8.2628, 1902, Oct, Russia, RUS
-22.062, 1902, Nov, Russia, RUS
-27.556, 1902, Dec, Russia, RUS
-27.244, 1903, Jan, Russia, RUS
-20.479, 1903, Feb, Russia, RUS
-16.437, 1903, Mar, Russia, RUS
-7.6843, 1903, Apr, Russia, RUS
2.05665, 1903, May, Russia, RUS
9.90889, 1903, Jun, Russia, RUS
14.9618, 1903, Jul, Russia, RUS
11.4819, 1903, Aug, Russia, RUS
5.23789, 1903, Sep, Russia, RUS
-6.3489, 1903, Oct, Russia, RUS
-16.36, 1903, Nov, Russia, RUS
-27.245, 1903, Dec, Russia, RUS
-26.724, 1904, Jan, Russia, RUS
-25.614, 1904, Feb, Russia, RUS
-16.204, 1904, Mar, Russia, RUS
-7.258, 1904, Apr, Russia, RUS
2.11244, 1904, May, Russia, RUS
10.0392, 1904, Jun, Russia, RUS
13.6832, 1904, Jul, Russia, RUS
12.1117, 1904, Aug, Russia, RUS
4.42063, 1904, Sep, Russia, RUS
-5.1575, 1904, Oct, Russia, RUS
-15.065, 1904, Nov, Russia, RUS
-24.562, 1904, Dec, Russia, RUS
-25.252, 1905, Jan, Russia, RUS
-24.238, 1905, Feb, Russia, RUS
-17.887, 1905, Mar, Russia, RUS
-8.4847, 1905, Apr, Russia, RUS
1.83159, 1905, May, Russia, RUS
9.34612, 1905, Jun, Russia, RUS
14.0897, 1905, Jul, Russia, RUS
11.3806, 1905, Aug, Russia, RUS
5.56286, 1905, Sep, Russia, RUS
-5.3104, 1905, Oct, Russia, RUS
-18.109, 1905, Nov, Russia, RUS
-24.889, 1905, Dec, Russia, RUS
-30.016, 1906, Jan, Russia, RUS
-26.714, 1906, Feb, Russia, RUS
-15.774, 1906, Mar, Russia, RUS
-4.8676, 1906, Apr, Russia, RUS
2.76263, 1906, May, Russia, RUS
12.0004, 1906, Jun, Russia, RUS
14.2216, 1906, Jul, Russia, RUS
12.9711, 1906, Aug, Russia, RUS
5.5973, 1906, Sep, Russia, RUS
-4.2648, 1906, Oct, Russia, RUS
-19.609, 1906, Nov, Russia, RUS
-21.341, 1906, Dec, Russia, RUS
-30.033, 1907, Jan, Russia, RUS
-24.826, 1907, Feb, Russia, RUS
-16.672, 1907, Mar, Russia, RUS
-5.7976, 1907, Apr, Russia, RUS
1.92526, 1907, May, Russia, RUS
10.0887, 1907, Jun, Russia, RUS
14.4924, 1907, Jul, Russia, RUS
12.3501, 1907, Aug, Russia, RUS
5.99311, 1907, Sep, Russia, RUS
-4.4616, 1907, Oct, Russia, RUS
-19.599, 1907, Nov, Russia, RUS
-29.503, 1907, Dec, Russia, RUS
-30.689, 1908, Jan, Russia, RUS
-23.815, 1908, Feb, Russia, RUS
-20.123, 1908, Mar, Russia, RUS
-7.92, 1908, Apr, Russia, RUS
2.77528, 1908, May, Russia, RUS
11.4985, 1908, Jun, Russia, RUS
14.9848, 1908, Jul, Russia, RUS
11.9511, 1908, Aug, Russia, RUS
6.29237, 1908, Sep, Russia, RUS
-4.5382, 1908, Oct, Russia, RUS
-19.466, 1908, Nov, Russia, RUS
-27.389, 1908, Dec, Russia, RUS
-29.554, 1909, Jan, Russia, RUS
-24.728, 1909, Feb, Russia, RUS
-20.794, 1909, Mar, Russia, RUS
-7.9154, 1909, Apr, Russia, RUS
1.31174, 1909, May, Russia, RUS
10.3338, 1909, Jun, Russia, RUS
15.3057, 1909, Jul, Russia, RUS
12.7159, 1909, Aug, Russia, RUS
5.64571, 1909, Sep, Russia, RUS
-3.9992, 1909, Oct, Russia, RUS
-17.335, 1909, Nov, Russia, RUS
-24.637, 1909, Dec, Russia, RUS
-27.81, 1910, Jan, Russia, RUS
-22.398, 1910, Feb, Russia, RUS
-19.638, 1910, Mar, Russia, RUS
-7.4969, 1910, Apr, Russia, RUS
2.53168, 1910, May, Russia, RUS
10.3136, 1910, Jun, Russia, RUS
15.3588, 1910, Jul, Russia, RUS
12.6926, 1910, Aug, Russia, RUS
5.8518, 1910, Sep, Russia, RUS
-5.4503, 1910, Oct, Russia, RUS
-20.207, 1910, Nov, Russia, RUS
-27.152, 1910, Dec, Russia, RUS
-28.575, 1911, Jan, Russia, RUS
-25.517, 1911, Feb, Russia, RUS
-19.805, 1911, Mar, Russia, RUS
-6.8105, 1911, Apr, Russia, RUS
1.46765, 1911, May, Russia, RUS
10.6921, 1911, Jun, Russia, RUS
15.033, 1911, Jul, Russia, RUS
12.1087, 1911, Aug, Russia, RUS
4.43528, 1911, Sep, Russia, RUS
-4.7189, 1911, Oct, Russia, RUS
-15.811, 1911, Nov, Russia, RUS
-25.584, 1911, Dec, Russia, RUS
-26.572, 1912, Jan, Russia, RUS
-27.232, 1912, Feb, Russia, RUS
-21.008, 1912, Mar, Russia, RUS
-7.1303, 1912, Apr, Russia, RUS
2.4256, 1912, May, Russia, RUS
10.8805, 1912, Jun, Russia, RUS
13.3465, 1912, Jul, Russia, RUS
10.6519, 1912, Aug, Russia, RUS
4.68439, 1912, Sep, Russia, RUS
-9.4333, 1912, Oct, Russia, RUS
-18.92, 1912, Nov, Russia, RUS
-27.438, 1912, Dec, Russia, RUS
-28.92, 1913, Jan, Russia, RUS
-27.24, 1913, Feb, Russia, RUS
-15.596, 1913, Mar, Russia, RUS
-8.1387, 1913, Apr, Russia, RUS
1.65994, 1913, May, Russia, RUS
10.3828, 1913, Jun, Russia, RUS
13.9912, 1913, Jul, Russia, RUS
12.1301, 1913, Aug, Russia, RUS
5.18176, 1913, Sep, Russia, RUS
-5.8797, 1913, Oct, Russia, RUS
-18.032, 1913, Nov, Russia, RUS
-21.956, 1913, Dec, Russia, RUS
-26.169, 1914, Jan, Russia, RUS
-21.544, 1914, Feb, Russia, RUS
-19.566, 1914, Mar, Russia, RUS
-8.0622, 1914, Apr, Russia, RUS
2.58409, 1914, May, Russia, RUS
10.8097, 1914, Jun, Russia, RUS
14.2169, 1914, Jul, Russia, RUS
12.5367, 1914, Aug, Russia, RUS
5.62577, 1914, Sep, Russia, RUS
-5.604, 1914, Oct, Russia, RUS
-19.82, 1914, Nov, Russia, RUS
-23.088, 1914, Dec, Russia, RUS
-30.66, 1915, Jan, Russia, RUS
-25.973, 1915, Feb, Russia, RUS
-18.912, 1915, Mar, Russia, RUS
-7.3903, 1915, Apr, Russia, RUS
3.71808, 1915, May, Russia, RUS
11.2225, 1915, Jun, Russia, RUS
15.3439, 1915, Jul, Russia, RUS
11.2981, 1915, Aug, Russia, RUS
4.73446, 1915, Sep, Russia, RUS
-7.8611, 1915, Oct, Russia, RUS
-18.638, 1915, Nov, Russia, RUS
-28.307, 1915, Dec, Russia, RUS
-26.244, 1916, Jan, Russia, RUS
-24.324, 1916, Feb, Russia, RUS
-19.13, 1916, Mar, Russia, RUS
-8.6432, 1916, Apr, Russia, RUS
0.77057, 1916, May, Russia, RUS
10.0072, 1916, Jun, Russia, RUS
14.2887, 1916, Jul, Russia, RUS
11.7417, 1916, Aug, Russia, RUS
5.01664, 1916, Sep, Russia, RUS
-4.157, 1916, Oct, Russia, RUS
-17.961, 1916, Nov, Russia, RUS
-29.331, 1916, Dec, Russia, RUS
-28.089, 1917, Jan, Russia, RUS
-26.144, 1917, Feb, Russia, RUS
-19.005, 1917, Mar, Russia, RUS
-6.478, 1917, Apr, Russia, RUS
3.2954, 1917, May, Russia, RUS
11.1145, 1917, Jun, Russia, RUS
14.7494, 1917, Jul, Russia, RUS
11.4602, 1917, Aug, Russia, RUS
5.79499, 1917, Sep, Russia, RUS
-5.5357, 1917, Oct, Russia, RUS
-17.898, 1917, Nov, Russia, RUS
-24.032, 1917, Dec, Russia, RUS
-26.173, 1918, Jan, Russia, RUS
-24.866, 1918, Feb, Russia, RUS
-16.973, 1918, Mar, Russia, RUS
-7.1048, 1918, Apr, Russia, RUS
0.7436, 1918, May, Russia, RUS
10.581, 1918, Jun, Russia, RUS
14.1221, 1918, Jul, Russia, RUS
11.6131, 1918, Aug, Russia, RUS
5.75956, 1918, Sep, Russia, RUS
-4.7116, 1918, Oct, Russia, RUS
-18.042, 1918, Nov, Russia, RUS
-28.038, 1918, Dec, Russia, RUS
-31.113, 1919, Jan, Russia, RUS
-28.111, 1919, Feb, Russia, RUS
-19.514, 1919, Mar, Russia, RUS
-7.0034, 1919, Apr, Russia, RUS
1.35372, 1919, May, Russia, RUS
10.1065, 1919, Jun, Russia, RUS
14.4744, 1919, Jul, Russia, RUS
12.8052, 1919, Aug, Russia, RUS
6.69777, 1919, Sep, Russia, RUS
-3.0504, 1919, Oct, Russia, RUS
-19.456, 1919, Nov, Russia, RUS
-25.107, 1919, Dec, Russia, RUS
-25.292, 1920, Jan, Russia, RUS
-24.713, 1920, Feb, Russia, RUS
-14.198, 1920, Mar, Russia, RUS
-4.7259, 1920, Apr, Russia, RUS
3.87625, 1920, May, Russia, RUS
10.9553, 1920, Jun, Russia, RUS
14.7148, 1920, Jul, Russia, RUS
12.9938, 1920, Aug, Russia, RUS
4.87241, 1920, Sep, Russia, RUS
-7.445, 1920, Oct, Russia, RUS
-19.443, 1920, Nov, Russia, RUS
-27.34, 1920, Dec, Russia, RUS
-25.019, 1921, Jan, Russia, RUS
-23.225, 1921, Feb, Russia, RUS
-16.561, 1921, Mar, Russia, RUS
-7.0524, 1921, Apr, Russia, RUS
2.26186, 1921, May, Russia, RUS
12.038, 1921, Jun, Russia, RUS
15.0972, 1921, Jul, Russia, RUS
12.1888, 1921, Aug, Russia, RUS
5.63406, 1921, Sep, Russia, RUS
-5.0807, 1921, Oct, Russia, RUS
-16.021, 1921, Nov, Russia, RUS
-27.033, 1921, Dec, Russia, RUS
-29.126, 1922, Jan, Russia, RUS
-28.428, 1922, Feb, Russia, RUS
-16.344, 1922, Mar, Russia, RUS
-7.768, 1922, Apr, Russia, RUS
2.74328, 1922, May, Russia, RUS
11.6733, 1922, Jun, Russia, RUS
15.1876, 1922, Jul, Russia, RUS
11.7301, 1922, Aug, Russia, RUS
4.90899, 1922, Sep, Russia, RUS
-6.1471, 1922, Oct, Russia, RUS
-18.395, 1922, Nov, Russia, RUS
-22.755, 1922, Dec, Russia, RUS
-26.996, 1923, Jan, Russia, RUS
-25.914, 1923, Feb, Russia, RUS
-17.074, 1923, Mar, Russia, RUS
-8.9282, 1923, Apr, Russia, RUS
1.38862, 1923, May, Russia, RUS
11.0038, 1923, Jun, Russia, RUS
14.4958, 1923, Jul, Russia, RUS
12.6688, 1923, Aug, Russia, RUS
6.35181, 1923, Sep, Russia, RUS
-3.9959, 1923, Oct, Russia, RUS
-17.539, 1923, Nov, Russia, RUS
-23.717, 1923, Dec, Russia, RUS
-28.763, 1924, Jan, Russia, RUS
-25.596, 1924, Feb, Russia, RUS
-17.485, 1924, Mar, Russia, RUS
-8.1367, 1924, Apr, Russia, RUS
3.19533, 1924, May, Russia, RUS
10.1173, 1924, Jun, Russia, RUS
14.9534, 1924, Jul, Russia, RUS
12.3596, 1924, Aug, Russia, RUS
6.43601, 1924, Sep, Russia, RUS
-5.1017, 1924, Oct, Russia, RUS
-14.04, 1924, Nov, Russia, RUS
-22.596, 1924, Dec, Russia, RUS
-22.278, 1925, Jan, Russia, RUS
-24.673, 1925, Feb, Russia, RUS
-18.332, 1925, Mar, Russia, RUS
-7.4778, 1925, Apr, Russia, RUS
2.06668, 1925, May, Russia, RUS
9.87971, 1925, Jun, Russia, RUS
14.0798, 1925, Jul, Russia, RUS
12.1671, 1925, Aug, Russia, RUS
5.75828, 1925, Sep, Russia, RUS
-3.9094, 1925, Oct, Russia, RUS
-16.635, 1925, Nov, Russia, RUS
-24.276, 1925, Dec, Russia, RUS
-25.375, 1926, Jan, Russia, RUS
-25.91, 1926, Feb, Russia, RUS
-14.119, 1926, Mar, Russia, RUS
-7.2613, 1926, Apr, Russia, RUS
0.73991, 1926, May, Russia, RUS
10.2362, 1926, Jun, Russia, RUS
14.0734, 1926, Jul, Russia, RUS
12.5302, 1926, Aug, Russia, RUS
5.91471, 1926, Sep, Russia, RUS
-4.6658, 1926, Oct, Russia, RUS
-16.396, 1926, Nov, Russia, RUS
-25.395, 1926, Dec, Russia, RUS
-29.816, 1927, Jan, Russia, RUS
-24.283, 1927, Feb, Russia, RUS
-19.883, 1927, Mar, Russia, RUS
-7.0077, 1927, Apr, Russia, RUS
3.87112, 1927, May, Russia, RUS
11.5972, 1927, Jun, Russia, RUS
14.3151, 1927, Jul, Russia, RUS
12.1041, 1927, Aug, Russia, RUS
6.84854, 1927, Sep, Russia, RUS
-3.8998, 1927, Oct, Russia, RUS
-16.341, 1927, Nov, Russia, RUS
-25.932, 1927, Dec, Russia, RUS
-27.083, 1928, Jan, Russia, RUS
-24.64, 1928, Feb, Russia, RUS
-18.867, 1928, Mar, Russia, RUS
-7.5899, 1928, Apr, Russia, RUS
1.86798, 1928, May, Russia, RUS
10.397, 1928, Jun, Russia, RUS
14.5329, 1928, Jul, Russia, RUS
12.8083, 1928, Aug, Russia, RUS
5.59684, 1928, Sep, Russia, RUS
-4.6182, 1928, Oct, Russia, RUS
-18.019, 1928, Nov, Russia, RUS
-24.315, 1928, Dec, Russia, RUS
-29.299, 1929, Jan, Russia, RUS
-27.453, 1929, Feb, Russia, RUS
-18.202, 1929, Mar, Russia, RUS
-8.1515, 1929, Apr, Russia, RUS
2.32214, 1929, May, Russia, RUS
10.4663, 1929, Jun, Russia, RUS
14.5928, 1929, Jul, Russia, RUS
12.1262, 1929, Aug, Russia, RUS
4.89236, 1929, Sep, Russia, RUS
-3.8009, 1929, Oct, Russia, RUS
-16.588, 1929, Nov, Russia, RUS
-27.416, 1929, Dec, Russia, RUS
-23.655, 1930, Jan, Russia, RUS
-27.199, 1930, Feb, Russia, RUS
-16.241, 1930, Mar, Russia, RUS
-8.4738, 1930, Apr, Russia, RUS
1.99412, 1930, May, Russia, RUS
10.7178, 1930, Jun, Russia, RUS
14.5224, 1930, Jul, Russia, RUS
12.6372, 1930, Aug, Russia, RUS
5.00497, 1930, Sep, Russia, RUS
-5.1543, 1930, Oct, Russia, RUS
-15.166, 1930, Nov, Russia, RUS
-26.55, 1930, Dec, Russia, RUS
-30.755, 1931, Jan, Russia, RUS
-27.86, 1931, Feb, Russia, RUS
-17.259, 1931, Mar, Russia, RUS
-8.9621, 1931, Apr, Russia, RUS
2.21678, 1931, May, Russia, RUS
11.2037, 1931, Jun, Russia, RUS
15.2058, 1931, Jul, Russia, RUS
12.8302, 1931, Aug, Russia, RUS
6.48058, 1931, Sep, Russia, RUS
-2.7747, 1931, Oct, Russia, RUS
-16.599, 1931, Nov, Russia, RUS
-23.563, 1931, Dec, Russia, RUS
-23.225, 1932, Jan, Russia, RUS
-24.387, 1932, Feb, Russia, RUS
-17.662, 1932, Mar, Russia, RUS
-5.6523, 1932, Apr, Russia, RUS
2.15395, 1932, May, Russia, RUS
10.7417, 1932, Jun, Russia, RUS
15.4639, 1932, Jul, Russia, RUS
12.7827, 1932, Aug, Russia, RUS
7.24783, 1932, Sep, Russia, RUS
-3.1965, 1932, Oct, Russia, RUS
-18.32, 1932, Nov, Russia, RUS
-23.861, 1932, Dec, Russia, RUS
-28.24, 1933, Jan, Russia, RUS
-27.44, 1933, Feb, Russia, RUS
-19.463, 1933, Mar, Russia, RUS
-7.3197, 1933, Apr, Russia, RUS
0.9871, 1933, May, Russia, RUS
9.9361, 1933, Jun, Russia, RUS
14.7243, 1933, Jul, Russia, RUS
12.1466, 1933, Aug, Russia, RUS
4.86825, 1933, Sep, Russia, RUS
-3.7626, 1933, Oct, Russia, RUS
-17.631, 1933, Nov, Russia, RUS
-25.145, 1933, Dec, Russia, RUS
-24.411, 1934, Jan, Russia, RUS
-19.355, 1934, Feb, Russia, RUS
-17.583, 1934, Mar, Russia, RUS
-8.4827, 1934, Apr, Russia, RUS
3.78032, 1934, May, Russia, RUS
10.8663, 1934, Jun, Russia, RUS
14.5029, 1934, Jul, Russia, RUS
12.0833, 1934, Aug, Russia, RUS
4.74029, 1934, Sep, Russia, RUS
-3.8447, 1934, Oct, Russia, RUS
-15.4, 1934, Nov, Russia, RUS
-23.964, 1934, Dec, Russia, RUS
-26.905, 1935, Jan, Russia, RUS
-20.18, 1935, Feb, Russia, RUS
-17.628, 1935, Mar, Russia, RUS
-8.3084, 1935, Apr, Russia, RUS
2.59402, 1935, May, Russia, RUS
10.8621, 1935, Jun, Russia, RUS
14.6958, 1935, Jul, Russia, RUS
12.2793, 1935, Aug, Russia, RUS
6.04634, 1935, Sep, Russia, RUS
-5.142, 1935, Oct, Russia, RUS
-18.652, 1935, Nov, Russia, RUS
-24.48, 1935, Dec, Russia, RUS
-28.38, 1936, Jan, Russia, RUS
-25.465, 1936, Feb, Russia, RUS
-18.652, 1936, Mar, Russia, RUS
-6.274, 1936, Apr, Russia, RUS
2.73383, 1936, May, Russia, RUS
10.9598, 1936, Jun, Russia, RUS
15.6833, 1936, Jul, Russia, RUS
12.4072, 1936, Aug, Russia, RUS
6.43571, 1936, Sep, Russia, RUS
-4.3497, 1936, Oct, Russia, RUS
-16.691, 1936, Nov, Russia, RUS
-21.168, 1936, Dec, Russia, RUS
-24.313, 1937, Jan, Russia, RUS
-22.679, 1937, Feb, Russia, RUS
-20.167, 1937, Mar, Russia, RUS
-7.8451, 1937, Apr, Russia, RUS
2.75181, 1937, May, Russia, RUS
11.5713, 1937, Jun, Russia, RUS
14.6155, 1937, Jul, Russia, RUS
11.5885, 1937, Aug, Russia, RUS
6.21825, 1937, Sep, Russia, RUS
-3.8395, 1937, Oct, Russia, RUS
-16.52, 1937, Nov, Russia, RUS
-24.993, 1937, Dec, Russia, RUS
-25.464, 1938, Jan, Russia, RUS
-23.209, 1938, Feb, Russia, RUS
-15.649, 1938, Mar, Russia, RUS
-4.1981, 1938, Apr, Russia, RUS
3.04945, 1938, May, Russia, RUS
11.1887, 1938, Jun, Russia, RUS
15.1174, 1938, Jul, Russia, RUS
12.8638, 1938, Aug, Russia, RUS
6.53541, 1938, Sep, Russia, RUS
-5.5481, 1938, Oct, Russia, RUS
-14.47, 1938, Nov, Russia, RUS
-26.944, 1938, Dec, Russia, RUS
-28.837, 1939, Jan, Russia, RUS
-21.417, 1939, Feb, Russia, RUS
-16.336, 1939, Mar, Russia, RUS
-6.3774, 1939, Apr, Russia, RUS
2.34008, 1939, May, Russia, RUS
11.9677, 1939, Jun, Russia, RUS
14.2522, 1939, Jul, Russia, RUS
12.1885, 1939, Aug, Russia, RUS
5.40003, 1939, Sep, Russia, RUS
-5.2949, 1939, Oct, Russia, RUS
-16.481, 1939, Nov, Russia, RUS
-21.007, 1939, Dec, Russia, RUS
-30.06, 1940, Jan, Russia, RUS
-24.291, 1940, Feb, Russia, RUS
-16.929, 1940, Mar, Russia, RUS
-5.648, 1940, Apr, Russia, RUS
2.26018, 1940, May, Russia, RUS
11.2759, 1940, Jun, Russia, RUS
14.7936, 1940, Jul, Russia, RUS
12.6555, 1940, Aug, Russia, RUS
5.64161, 1940, Sep, Russia, RUS
-7.2441, 1940, Oct, Russia, RUS
-16.932, 1940, Nov, Russia, RUS
-25.988, 1940, Dec, Russia, RUS
-29.312, 1941, Jan, Russia, RUS
-27.025, 1941, Feb, Russia, RUS
-20.294, 1941, Mar, Russia, RUS
-9.0714, 1941, Apr, Russia, RUS
2.2444, 1941, May, Russia, RUS
11.1534, 1941, Jun, Russia, RUS
14.9649, 1941, Jul, Russia, RUS
12.4843, 1941, Aug, Russia, RUS
5.62259, 1941, Sep, Russia, RUS
-4.3622, 1941, Oct, Russia, RUS
-19.197, 1941, Nov, Russia, RUS
-27.785, 1941, Dec, Russia, RUS
-26.057, 1942, Jan, Russia, RUS
-25.571, 1942, Feb, Russia, RUS
-21.579, 1942, Mar, Russia, RUS
-8.3606, 1942, Apr, Russia, RUS
2.32677, 1942, May, Russia, RUS
11.0448, 1942, Jun, Russia, RUS
14.769, 1942, Jul, Russia, RUS
11.5881, 1942, Aug, Russia, RUS
5.99703, 1942, Sep, Russia, RUS
-5.4303, 1942, Oct, Russia, RUS
-17.187, 1942, Nov, Russia, RUS
-21.479, 1942, Dec, Russia, RUS
-27.204, 1943, Jan, Russia, RUS
-21.87, 1943, Feb, Russia, RUS
-14.584, 1943, Mar, Russia, RUS
-3.3534, 1943, Apr, Russia, RUS
5.28165, 1943, May, Russia, RUS
11.2919, 1943, Jun, Russia, RUS
14.5964, 1943, Jul, Russia, RUS
12.3886, 1943, Aug, Russia, RUS
6.48948, 1943, Sep, Russia, RUS
-3.3688, 1943, Oct, Russia, RUS
-17.098, 1943, Nov, Russia, RUS
-24.145, 1943, Dec, Russia, RUS
-24.081, 1944, Jan, Russia, RUS
-22.412, 1944, Feb, Russia, RUS
-15.168, 1944, Mar, Russia, RUS
-6.6398, 1944, Apr, Russia, RUS
3.29898, 1944, May, Russia, RUS
10.4734, 1944, Jun, Russia, RUS
14.1317, 1944, Jul, Russia, RUS
11.9942, 1944, Aug, Russia, RUS
7.15234, 1944, Sep, Russia, RUS
-4.0847, 1944, Oct, Russia, RUS
-17.992, 1944, Nov, Russia, RUS
-23.531, 1944, Dec, Russia, RUS
-27.429, 1945, Jan, Russia, RUS
-25.647, 1945, Feb, Russia, RUS
-19.386, 1945, Mar, Russia, RUS
-4.8809, 1945, Apr, Russia, RUS
3.51026, 1945, May, Russia, RUS
11.4864, 1945, Jun, Russia, RUS
14.3202, 1945, Jul, Russia, RUS
13.0138, 1945, Aug, Russia, RUS
6.26104, 1945, Sep, Russia, RUS
-3.609, 1945, Oct, Russia, RUS
-17.268, 1945, Nov, Russia, RUS
-27.282, 1945, Dec, Russia, RUS
-26.809, 1946, Jan, Russia, RUS
-25.418, 1946, Feb, Russia, RUS
-19.142, 1946, Mar, Russia, RUS
-6.2802, 1946, Apr, Russia, RUS
1.88781, 1946, May, Russia, RUS
10.238, 1946, Jun, Russia, RUS
14.8736, 1946, Jul, Russia, RUS
12.192, 1946, Aug, Russia, RUS
4.2222, 1946, Sep, Russia, RUS
-5.7075, 1946, Oct, Russia, RUS
-17.605, 1946, Nov, Russia, RUS
-26.839, 1946, Dec, Russia, RUS
-28.996, 1947, Jan, Russia, RUS
-26.001, 1947, Feb, Russia, RUS
-17.13, 1947, Mar, Russia, RUS
-5.1303, 1947, Apr, Russia, RUS
2.92839, 1947, May, Russia, RUS
10.9849, 1947, Jun, Russia, RUS
13.9508, 1947, Jul, Russia, RUS
11.6614, 1947, Aug, Russia, RUS
5.97605, 1947, Sep, Russia, RUS
-1.7655, 1947, Oct, Russia, RUS
-17.706, 1947, Nov, Russia, RUS
-25.61, 1947, Dec, Russia, RUS
-25.098, 1948, Jan, Russia, RUS
-23.927, 1948, Feb, Russia, RUS
-16.132, 1948, Mar, Russia, RUS
-5.5329, 1948, Apr, Russia, RUS
4.12759, 1948, May, Russia, RUS
11.5065, 1948, Jun, Russia, RUS
14.581, 1948, Jul, Russia, RUS
12.2146, 1948, Aug, Russia, RUS
6.07301, 1948, Sep, Russia, RUS
-3.3383, 1948, Oct, Russia, RUS
-14.944, 1948, Nov, Russia, RUS
-24.868, 1948, Dec, Russia, RUS
-22.675, 1949, Jan, Russia, RUS
-23.822, 1949, Feb, Russia, RUS
-17.094, 1949, Mar, Russia, RUS
-5.5532, 1949, Apr, Russia, RUS
3.18849, 1949, May, Russia, RUS
10.2342, 1949, Jun, Russia, RUS
13.6167, 1949, Jul, Russia, RUS
12.2871, 1949, Aug, Russia, RUS
5.57333, 1949, Sep, Russia, RUS
-3.335, 1949, Oct, Russia, RUS
-19.329, 1949, Nov, Russia, RUS
-25.112, 1949, Dec, Russia, RUS
-28.673, 1950, Jan, Russia, RUS
-24.168, 1950, Feb, Russia, RUS
-16.986, 1950, Mar, Russia, RUS
-6.6985, 1950, Apr, Russia, RUS
2.32999, 1950, May, Russia, RUS
10.8125, 1950, Jun, Russia, RUS
13.6387, 1950, Jul, Russia, RUS
11.4873, 1950, Aug, Russia, RUS
5.49442, 1950, Sep, Russia, RUS
-4.7015, 1950, Oct, Russia, RUS
-19.186, 1950, Nov, Russia, RUS
-24.285, 1950, Dec, Russia, RUS
-28.688, 1951, Jan, Russia, RUS
-28.546, 1951, Feb, Russia, RUS
-17.685, 1951, Mar, Russia, RUS
-5.5839, 1951, Apr, Russia, RUS
2.58313, 1951, May, Russia, RUS
10.4133, 1951, Jun, Russia, RUS
14.3711, 1951, Jul, Russia, RUS
12.178, 1951, Aug, Russia, RUS
6.73832, 1951, Sep, Russia, RUS
-3.3987, 1951, Oct, Russia, RUS
-17.124, 1951, Nov, Russia, RUS
-20.032, 1951, Dec, Russia, RUS
-26.448, 1952, Jan, Russia, RUS
-25.158, 1952, Feb, Russia, RUS
-19.424, 1952, Mar, Russia, RUS
-8.116, 1952, Apr, Russia, RUS
1.81545, 1952, May, Russia, RUS
10.7432, 1952, Jun, Russia, RUS
15.3169, 1952, Jul, Russia, RUS
12.3614, 1952, Aug, Russia, RUS
6.58965, 1952, Sep, Russia, RUS
-6.7277, 1952, Oct, Russia, RUS
-21.801, 1952, Nov, Russia, RUS
-27.015, 1952, Dec, Russia, RUS
-26.714, 1953, Jan, Russia, RUS
-25.498, 1953, Feb, Russia, RUS
-16.473, 1953, Mar, Russia, RUS
-4.2167, 1953, Apr, Russia, RUS
3.60247, 1953, May, Russia, RUS
12.0114, 1953, Jun, Russia, RUS
15.5915, 1953, Jul, Russia, RUS
12.432, 1953, Aug, Russia, RUS
5.55175, 1953, Sep, Russia, RUS
-4.4685, 1953, Oct, Russia, RUS
-19.21, 1953, Nov, Russia, RUS
-22.524, 1953, Dec, Russia, RUS
-28.053, 1954, Jan, Russia, RUS
-27.272, 1954, Feb, Russia, RUS
-17.962, 1954, Mar, Russia, RUS
-5.8868, 1954, Apr, Russia, RUS
2.106, 1954, May, Russia, RUS
12.0238, 1954, Jun, Russia, RUS
15.4769, 1954, Jul, Russia, RUS
12.6797, 1954, Aug, Russia, RUS
5.61789, 1954, Sep, Russia, RUS
-3.6038, 1954, Oct, Russia, RUS
-17.343, 1954, Nov, Russia, RUS
-24.339, 1954, Dec, Russia, RUS
-22.866, 1955, Jan, Russia, RUS
-26.902, 1955, Feb, Russia, RUS
-20.97, 1955, Mar, Russia, RUS
-7.8219, 1955, Apr, Russia, RUS
3.04454, 1955, May, Russia, RUS
11.2242, 1955, Jun, Russia, RUS
14.2359, 1955, Jul, Russia, RUS
12.2767, 1955, Aug, Russia, RUS
5.06731, 1955, Sep, Russia, RUS
-4.2601, 1955, Oct, Russia, RUS
-17.71, 1955, Nov, Russia, RUS
-27.711, 1955, Dec, Russia, RUS
-27.092, 1956, Jan, Russia, RUS
-25.818, 1956, Feb, Russia, RUS
-17.847, 1956, Mar, Russia, RUS
-9.2689, 1956, Apr, Russia, RUS
2.13194, 1956, May, Russia, RUS
11.7847, 1956, Jun, Russia, RUS
14.6176, 1956, Jul, Russia, RUS
11.4611, 1956, Aug, Russia, RUS
4.55214, 1956, Sep, Russia, RUS
-6.2154, 1956, Oct, Russia, RUS
-17.771, 1956, Nov, Russia, RUS
-23.442, 1956, Dec, Russia, RUS
-24.861, 1957, Jan, Russia, RUS
-25.232, 1957, Feb, Russia, RUS
-20.25, 1957, Mar, Russia, RUS
-7.345, 1957, Apr, Russia, RUS
3.73109, 1957, May, Russia, RUS
11.6443, 1957, Jun, Russia, RUS
14.5732, 1957, Jul, Russia, RUS
12.4692, 1957, Aug, Russia, RUS
5.49192, 1957, Sep, Russia, RUS
-5.8151, 1957, Oct, Russia, RUS
-19.464, 1957, Nov, Russia, RUS
-24.027, 1957, Dec, Russia, RUS
-26.63, 1958, Jan, Russia, RUS
-24.311, 1958, Feb, Russia, RUS
-20.516, 1958, Mar, Russia, RUS
-9.0793, 1958, Apr, Russia, RUS
1.41318, 1958, May, Russia, RUS
9.9488, 1958, Jun, Russia, RUS
14.3101, 1958, Jul, Russia, RUS
12.0004, 1958, Aug, Russia, RUS
4.0834, 1958, Sep, Russia, RUS
-5.637, 1958, Oct, Russia, RUS
-17.996, 1958, Nov, Russia, RUS
-26.576, 1958, Dec, Russia, RUS
-25.778, 1959, Jan, Russia, RUS
-23.146, 1959, Feb, Russia, RUS
-14.305, 1959, Mar, Russia, RUS
-7.6399, 1959, Apr, Russia, RUS
2.83649, 1959, May, Russia, RUS
12.0605, 1959, Jun, Russia, RUS
14.5884, 1959, Jul, Russia, RUS
12.7876, 1959, Aug, Russia, RUS
6.25956, 1959, Sep, Russia, RUS
-5.8284, 1959, Oct, Russia, RUS
-16.887, 1959, Nov, Russia, RUS
-26.263, 1959, Dec, Russia, RUS
-28.703, 1960, Jan, Russia, RUS
-25.411, 1960, Feb, Russia, RUS
-19.786, 1960, Mar, Russia, RUS
-7.3685, 1960, Apr, Russia, RUS
2.04991, 1960, May, Russia, RUS
11.5949, 1960, Jun, Russia, RUS
14.6894, 1960, Jul, Russia, RUS
11.2816, 1960, Aug, Russia, RUS
5.29984, 1960, Sep, Russia, RUS
-6.7772, 1960, Oct, Russia, RUS
-19.782, 1960, Nov, Russia, RUS
-22.471, 1960, Dec, Russia, RUS
-27.183, 1961, Jan, Russia, RUS
-22.6, 1961, Feb, Russia, RUS
-15.074, 1961, Mar, Russia, RUS
-7.2277, 1961, Apr, Russia, RUS
2.45741, 1961, May, Russia, RUS
10.6099, 1961, Jun, Russia, RUS
14.5858, 1961, Jul, Russia, RUS
11.6628, 1961, Aug, Russia, RUS
5.77884, 1961, Sep, Russia, RUS
-5.7358, 1961, Oct, Russia, RUS
-17.337, 1961, Nov, Russia, RUS
-24.696, 1961, Dec, Russia, RUS
-23.124, 1962, Jan, Russia, RUS
-21.011, 1962, Feb, Russia, RUS
-16.37, 1962, Mar, Russia, RUS
-5.1207, 1962, Apr, Russia, RUS
3.68899, 1962, May, Russia, RUS
10.124, 1962, Jun, Russia, RUS
15.0821, 1962, Jul, Russia, RUS
11.8004, 1962, Aug, Russia, RUS
5.37385, 1962, Sep, Russia, RUS
-5.5281, 1962, Oct, Russia, RUS
-18.038, 1962, Nov, Russia, RUS
-24.372, 1962, Dec, Russia, RUS
-25.314, 1963, Jan, Russia, RUS
-21.936, 1963, Feb, Russia, RUS
-18.714, 1963, Mar, Russia, RUS
-8.3531, 1963, Apr, Russia, RUS
2.18322, 1963, May, Russia, RUS
9.98705, 1963, Jun, Russia, RUS
14.6432, 1963, Jul, Russia, RUS
12.1414, 1963, Aug, Russia, RUS
5.51048, 1963, Sep, Russia, RUS
-4.2525, 1963, Oct, Russia, RUS
-16.095, 1963, Nov, Russia, RUS
-24.382, 1963, Dec, Russia, RUS
-26.766, 1964, Jan, Russia, RUS
-24.659, 1964, Feb, Russia, RUS
-19.736, 1964, Mar, Russia, RUS
-9.679, 1964, Apr, Russia, RUS
2.08452, 1964, May, Russia, RUS
10.8914, 1964, Jun, Russia, RUS
14.8804, 1964, Jul, Russia, RUS
11.9567, 1964, Aug, Russia, RUS
5.24115, 1964, Sep, Russia, RUS
-5.9011, 1964, Oct, Russia, RUS
-18.419, 1964, Nov, Russia, RUS
-23.645, 1964, Dec, Russia, RUS
-27.499, 1965, Jan, Russia, RUS
-26.974, 1965, Feb, Russia, RUS
-16.212, 1965, Mar, Russia, RUS
-7.5188, 1965, Apr, Russia, RUS
1.87391, 1965, May, Russia, RUS
10.2763, 1965, Jun, Russia, RUS
14.7004, 1965, Jul, Russia, RUS
11.6621, 1965, Aug, Russia, RUS
5.59427, 1965, Sep, Russia, RUS
-5.151, 1965, Oct, Russia, RUS
-20.761, 1965, Nov, Russia, RUS
-25.812, 1965, Dec, Russia, RUS
-28.918, 1966, Jan, Russia, RUS
-29.972, 1966, Feb, Russia, RUS
-19.327, 1966, Mar, Russia, RUS
-8.9863, 1966, Apr, Russia, RUS
3.02707, 1966, May, Russia, RUS
10.6544, 1966, Jun, Russia, RUS
14.1341, 1966, Jul, Russia, RUS
12.1715, 1966, Aug, Russia, RUS
5.83873, 1966, Sep, Russia, RUS
-6.3309, 1966, Oct, Russia, RUS
-18.083, 1966, Nov, Russia, RUS
-25.464, 1966, Dec, Russia, RUS
-27.776, 1967, Jan, Russia, RUS
-25.481, 1967, Feb, Russia, RUS
-14.705, 1967, Mar, Russia, RUS
-5.0686, 1967, Apr, Russia, RUS
3.9913, 1967, May, Russia, RUS
11.2541, 1967, Jun, Russia, RUS
15.4138, 1967, Jul, Russia, RUS
11.7586, 1967, Aug, Russia, RUS
5.06965, 1967, Sep, Russia, RUS
-1.6122, 1967, Oct, Russia, RUS
-15.631, 1967, Nov, Russia, RUS
-22.526, 1967, Dec, Russia, RUS
-27.58, 1968, Jan, Russia, RUS
-22.589, 1968, Feb, Russia, RUS
-12.694, 1968, Mar, Russia, RUS
-5.7557, 1968, Apr, Russia, RUS
3.1813, 1968, May, Russia, RUS
10.1683, 1968, Jun, Russia, RUS
14.0384, 1968, Jul, Russia, RUS
11.8323, 1968, Aug, Russia, RUS
4.35875, 1968, Sep, Russia, RUS
-6.0439, 1968, Oct, Russia, RUS
-22.024, 1968, Nov, Russia, RUS
-28.683, 1968, Dec, Russia, RUS
-30.725, 1969, Jan, Russia, RUS
-31.163, 1969, Feb, Russia, RUS
-19.912, 1969, Mar, Russia, RUS
-8.1766, 1969, Apr, Russia, RUS
1.17401, 1969, May, Russia, RUS
10.1499, 1969, Jun, Russia, RUS
15.4031, 1969, Jul, Russia, RUS
11.9213, 1969, Aug, Russia, RUS
4.70385, 1969, Sep, Russia, RUS
-6.1655, 1969, Oct, Russia, RUS
-16.197, 1969, Nov, Russia, RUS
-24.679, 1969, Dec, Russia, RUS
-27.195, 1970, Jan, Russia, RUS
-24.791, 1970, Feb, Russia, RUS
-17.159, 1970, Mar, Russia, RUS
-7.2555, 1970, Apr, Russia, RUS
1.82057, 1970, May, Russia, RUS
10.4037, 1970, Jun, Russia, RUS
15.2632, 1970, Jul, Russia, RUS
10.7419, 1970, Aug, Russia, RUS
6.35212, 1970, Sep, Russia, RUS
-6.4352, 1970, Oct, Russia, RUS
-17.832, 1970, Nov, Russia, RUS
-24.311, 1970, Dec, Russia, RUS
-24.917, 1971, Jan, Russia, RUS
-27.526, 1971, Feb, Russia, RUS
-18.45, 1971, Mar, Russia, RUS
-7.9248, 1971, Apr, Russia, RUS
2.88096, 1971, May, Russia, RUS
10.6159, 1971, Jun, Russia, RUS
14.8109, 1971, Jul, Russia, RUS
12.4472, 1971, Aug, Russia, RUS
6.46087, 1971, Sep, Russia, RUS
-4.6762, 1971, Oct, Russia, RUS
-14.261, 1971, Nov, Russia, RUS
-23.202, 1971, Dec, Russia, RUS
-30.365, 1972, Jan, Russia, RUS
-23.88, 1972, Feb, Russia, RUS
-17.385, 1972, Mar, Russia, RUS
-5.4837, 1972, Apr, Russia, RUS
1.77693, 1972, May, Russia, RUS
10.5331, 1972, Jun, Russia, RUS
14.4402, 1972, Jul, Russia, RUS
11.8972, 1972, Aug, Russia, RUS
4.31789, 1972, Sep, Russia, RUS
-4.7756, 1972, Oct, Russia, RUS
-20.517, 1972, Nov, Russia, RUS
-23.098, 1972, Dec, Russia, RUS
-27.358, 1973, Jan, Russia, RUS
-22.737, 1973, Feb, Russia, RUS
-16.454, 1973, Mar, Russia, RUS
-6.6535, 1973, Apr, Russia, RUS
3.22062, 1973, May, Russia, RUS
11.4865, 1973, Jun, Russia, RUS
14.4324, 1973, Jul, Russia, RUS
12.2393, 1973, Aug, Russia, RUS
5.21546, 1973, Sep, Russia, RUS
-5.7807, 1973, Oct, Russia, RUS
-16.811, 1973, Nov, Russia, RUS
-23.137, 1973, Dec, Russia, RUS
-28.677, 1974, Jan, Russia, RUS
-26.737, 1974, Feb, Russia, RUS
-15.716, 1974, Mar, Russia, RUS
-6.5146, 1974, Apr, Russia, RUS
2.29694, 1974, May, Russia, RUS
10.5135, 1974, Jun, Russia, RUS
15.1116, 1974, Jul, Russia, RUS
12.5135, 1974, Aug, Russia, RUS
6.43721, 1974, Sep, Russia, RUS
-6.1516, 1974, Oct, Russia, RUS
-20.634, 1974, Nov, Russia, RUS
-24.919, 1974, Dec, Russia, RUS
-24.32, 1975, Jan, Russia, RUS
-23.781, 1975, Feb, Russia, RUS
-14.288, 1975, Mar, Russia, RUS
-4.9958, 1975, Apr, Russia, RUS
3.76141, 1975, May, Russia, RUS
11.551, 1975, Jun, Russia, RUS
14.5129, 1975, Jul, Russia, RUS
11.6358, 1975, Aug, Russia, RUS
6.27263, 1975, Sep, Russia, RUS
-4.9481, 1975, Oct, Russia, RUS
-16.845, 1975, Nov, Russia, RUS
-21.98, 1975, Dec, Russia, RUS
-25.217, 1976, Jan, Russia, RUS
-26.732, 1976, Feb, Russia, RUS
-18.33, 1976, Mar, Russia, RUS
-5.6587, 1976, Apr, Russia, RUS
2.04469, 1976, May, Russia, RUS
10.6276, 1976, Jun, Russia, RUS
13.8481, 1976, Jul, Russia, RUS
11.7455, 1976, Aug, Russia, RUS
5.60303, 1976, Sep, Russia, RUS
-8.7478, 1976, Oct, Russia, RUS
-18.452, 1976, Nov, Russia, RUS
-25.839, 1976, Dec, Russia, RUS
-28.339, 1977, Jan, Russia, RUS
-27.809, 1977, Feb, Russia, RUS
-18.159, 1977, Mar, Russia, RUS
-5.2395, 1977, Apr, Russia, RUS
4.2924, 1977, May, Russia, RUS
12.0314, 1977, Jun, Russia, RUS
14.4068, 1977, Jul, Russia, RUS
11.4009, 1977, Aug, Russia, RUS
5.12173, 1977, Sep, Russia, RUS
-8.1497, 1977, Oct, Russia, RUS
-15.87, 1977, Nov, Russia, RUS
-24.879, 1977, Dec, Russia, RUS
-26.04, 1978, Jan, Russia, RUS
-24.272, 1978, Feb, Russia, RUS
-15.879, 1978, Mar, Russia, RUS
-7.1176, 1978, Apr, Russia, RUS
1.66796, 1978, May, Russia, RUS
10.1616, 1978, Jun, Russia, RUS
13.94, 1978, Jul, Russia, RUS
11.3205, 1978, Aug, Russia, RUS
5.11687, 1978, Sep, Russia, RUS
-4.3483, 1978, Oct, Russia, RUS
-13.468, 1978, Nov, Russia, RUS
-27.811, 1978, Dec, Russia, RUS
-30, 1979, Jan, Russia, RUS
-26.514, 1979, Feb, Russia, RUS
-17.774, 1979, Mar, Russia, RUS
-9.4566, 1979, Apr, Russia, RUS
3.48761, 1979, May, Russia, RUS
10.9032, 1979, Jun, Russia, RUS
14.4899, 1979, Jul, Russia, RUS
11.4815, 1979, Aug, Russia, RUS
5.55817, 1979, Sep, Russia, RUS
-6.7554, 1979, Oct, Russia, RUS
-18.219, 1979, Nov, Russia, RUS
-22.673, 1979, Dec, Russia, RUS
-27.457, 1980, Jan, Russia, RUS
-24.346, 1980, Feb, Russia, RUS
-18.791, 1980, Mar, Russia, RUS
-7.9098, 1980, Apr, Russia, RUS
2.23549, 1980, May, Russia, RUS
11.0489, 1980, Jun, Russia, RUS
14.4782, 1980, Jul, Russia, RUS
12.2444, 1980, Aug, Russia, RUS
5.83988, 1980, Sep, Russia, RUS
-4.7116, 1980, Oct, Russia, RUS
-18.766, 1980, Nov, Russia, RUS
-22.064, 1980, Dec, Russia, RUS
-22.302, 1981, Jan, Russia, RUS
-22.858, 1981, Feb, Russia, RUS
-17.215, 1981, Mar, Russia, RUS
-5.5378, 1981, Apr, Russia, RUS
3.11599, 1981, May, Russia, RUS
11.9883, 1981, Jun, Russia, RUS
14.6788, 1981, Jul, Russia, RUS
12.8667, 1981, Aug, Russia, RUS
5.22858, 1981, Sep, Russia, RUS
-4.3394, 1981, Oct, Russia, RUS
-16.375, 1981, Nov, Russia, RUS
-21.773, 1981, Dec, Russia, RUS
-28.597, 1982, Jan, Russia, RUS
-22.631, 1982, Feb, Russia, RUS
-18.554, 1982, Mar, Russia, RUS
-4.5179, 1982, Apr, Russia, RUS
2.79909, 1982, May, Russia, RUS
10.3689, 1982, Jun, Russia, RUS
14.8513, 1982, Jul, Russia, RUS
11.8125, 1982, Aug, Russia, RUS
5.55842, 1982, Sep, Russia, RUS
-7.4595, 1982, Oct, Russia, RUS
-18.053, 1982, Nov, Russia, RUS
-21.536, 1982, Dec, Russia, RUS
-23.03, 1983, Jan, Russia, RUS
-23.084, 1983, Feb, Russia, RUS
-14.885, 1983, Mar, Russia, RUS
-7.2638, 1983, Apr, Russia, RUS
2.45886, 1983, May, Russia, RUS
10.8864, 1983, Jun, Russia, RUS
14.6147, 1983, Jul, Russia, RUS
12.5131, 1983, Aug, Russia, RUS
6.36008, 1983, Sep, Russia, RUS
-4.5452, 1983, Oct, Russia, RUS
-14.732, 1983, Nov, Russia, RUS
-20.914, 1983, Dec, Russia, RUS
-23.023, 1984, Jan, Russia, RUS
-24.971, 1984, Feb, Russia, RUS
-16.385, 1984, Mar, Russia, RUS
-9.051, 1984, Apr, Russia, RUS
4.39014, 1984, May, Russia, RUS
11.3846, 1984, Jun, Russia, RUS
15.1648, 1984, Jul, Russia, RUS
11.4315, 1984, Aug, Russia, RUS
5.68868, 1984, Sep, Russia, RUS
-5.511, 1984, Oct, Russia, RUS
-19.702, 1984, Nov, Russia, RUS
-25.878, 1984, Dec, Russia, RUS
-28.582, 1985, Jan, Russia, RUS
-26.81, 1985, Feb, Russia, RUS
-17.611, 1985, Mar, Russia, RUS
-6.7724, 1985, Apr, Russia, RUS
1.91424, 1985, May, Russia, RUS
11.2284, 1985, Jun, Russia, RUS
13.8126, 1985, Jul, Russia, RUS
12.0764, 1985, Aug, Russia, RUS
5.73591, 1985, Sep, Russia, RUS
-4.6523, 1985, Oct, Russia, RUS
-15.845, 1985, Nov, Russia, RUS
-24.332, 1985, Dec, Russia, RUS
-26.501, 1986, Jan, Russia, RUS
-23.519, 1986, Feb, Russia, RUS
-15.732, 1986, Mar, Russia, RUS
-6.1309, 1986, Apr, Russia, RUS
2.24618, 1986, May, Russia, RUS
11.3632, 1986, Jun, Russia, RUS
14.6498, 1986, Jul, Russia, RUS
11.697, 1986, Aug, Russia, RUS
4.93978, 1986, Sep, Russia, RUS
-4.1714, 1986, Oct, Russia, RUS
-15.11, 1986, Nov, Russia, RUS
-25.841, 1986, Dec, Russia, RUS
-29.592, 1987, Jan, Russia, RUS
-24.597, 1987, Feb, Russia, RUS
-18.221, 1987, Mar, Russia, RUS
-8.5106, 1987, Apr, Russia, RUS
2.7483, 1987, May, Russia, RUS
9.93802, 1987, Jun, Russia, RUS
14.616, 1987, Jul, Russia, RUS
12.0574, 1987, Aug, Russia, RUS
4.90521, 1987, Sep, Russia, RUS
-5.2512, 1987, Oct, Russia, RUS
-21.499, 1987, Nov, Russia, RUS
-25.703, 1987, Dec, Russia, RUS
-25.216, 1988, Jan, Russia, RUS
-24.781, 1988, Feb, Russia, RUS
-16.339, 1988, Mar, Russia, RUS
-7.0688, 1988, Apr, Russia, RUS
3.18282, 1988, May, Russia, RUS
11.6508, 1988, Jun, Russia, RUS
15.6771, 1988, Jul, Russia, RUS
12.1557, 1988, Aug, Russia, RUS
6.60803, 1988, Sep, Russia, RUS
-3.6587, 1988, Oct, Russia, RUS
-16.605, 1988, Nov, Russia, RUS
-20.864, 1988, Dec, Russia, RUS
-26.06, 1989, Jan, Russia, RUS
-19.389, 1989, Feb, Russia, RUS
-12.579, 1989, Mar, Russia, RUS
-7.2256, 1989, Apr, Russia, RUS
3.90142, 1989, May, Russia, RUS
11.4886, 1989, Jun, Russia, RUS
14.6785, 1989, Jul, Russia, RUS
11.8333, 1989, Aug, Russia, RUS
5.46293, 1989, Sep, Russia, RUS
-4.7517, 1989, Oct, Russia, RUS
-17.679, 1989, Nov, Russia, RUS
-22.456, 1989, Dec, Russia, RUS
-28.489, 1990, Jan, Russia, RUS
-22.712, 1990, Feb, Russia, RUS
-11.143, 1990, Mar, Russia, RUS
-3.8582, 1990, Apr, Russia, RUS
4.5953, 1990, May, Russia, RUS
11.9846, 1990, Jun, Russia, RUS
15.2451, 1990, Jul, Russia, RUS
12.4869, 1990, Aug, Russia, RUS
4.88011, 1990, Sep, Russia, RUS
-4.2212, 1990, Oct, Russia, RUS
-18.013, 1990, Nov, Russia, RUS
-22.956, 1990, Dec, Russia, RUS
-24.513, 1991, Jan, Russia, RUS
-24.738, 1991, Feb, Russia, RUS
-18.39, 1991, Mar, Russia, RUS
-4.8511, 1991, Apr, Russia, RUS
4.02237, 1991, May, Russia, RUS
11.9564, 1991, Jun, Russia, RUS
15.9513, 1991, Jul, Russia, RUS
12.6317, 1991, Aug, Russia, RUS
6.44098, 1991, Sep, Russia, RUS
-3.6118, 1991, Oct, Russia, RUS
-15.076, 1991, Nov, Russia, RUS
-24.673, 1991, Dec, Russia, RUS
-24.042, 1992, Jan, Russia, RUS
-21.731, 1992, Feb, Russia, RUS
-15.813, 1992, Mar, Russia, RUS
-8.0402, 1992, Apr, Russia, RUS
4.06736, 1992, May, Russia, RUS
10.0675, 1992, Jun, Russia, RUS
14.1514, 1992, Jul, Russia, RUS
11.6855, 1992, Aug, Russia, RUS
4.53386, 1992, Sep, Russia, RUS
-6.1596, 1992, Oct, Russia, RUS
-19.753, 1992, Nov, Russia, RUS
-22.295, 1992, Dec, Russia, RUS
-23.498, 1993, Jan, Russia, RUS
-20.934, 1993, Feb, Russia, RUS
-14.471, 1993, Mar, Russia, RUS
-6.9357, 1993, Apr, Russia, RUS
3.06022, 1993, May, Russia, RUS
11.2984, 1993, Jun, Russia, RUS
15.2348, 1993, Jul, Russia, RUS
11.7908, 1993, Aug, Russia, RUS
4.59466, 1993, Sep, Russia, RUS
-5.3005, 1993, Oct, Russia, RUS
-18.653, 1993, Nov, Russia, RUS
-24.743, 1993, Dec, Russia, RUS
-26.907, 1994, Jan, Russia, RUS
-25.735, 1994, Feb, Russia, RUS
-15.948, 1994, Mar, Russia, RUS
-5.9572, 1994, Apr, Russia, RUS
2.67539, 1994, May, Russia, RUS
11.6938, 1994, Jun, Russia, RUS
14.7412, 1994, Jul, Russia, RUS
11.6694, 1994, Aug, Russia, RUS
6.21574, 1994, Sep, Russia, RUS
-2.7565, 1994, Oct, Russia, RUS
-17.841, 1994, Nov, Russia, RUS
-25.051, 1994, Dec, Russia, RUS
-23.132, 1995, Jan, Russia, RUS
-17.913, 1995, Feb, Russia, RUS
-14.684, 1995, Mar, Russia, RUS
-4.3456, 1995, Apr, Russia, RUS
3.5702, 1995, May, Russia, RUS
11.442, 1995, Jun, Russia, RUS
14.8997, 1995, Jul, Russia, RUS
13.2386, 1995, Aug, Russia, RUS
6.23247, 1995, Sep, Russia, RUS
-3.048, 1995, Oct, Russia, RUS
-14.962, 1995, Nov, Russia, RUS
-22.722, 1995, Dec, Russia, RUS
-25.843, 1996, Jan, Russia, RUS
-22.838, 1996, Feb, Russia, RUS
-15.435, 1996, Mar, Russia, RUS
-6.9761, 1996, Apr, Russia, RUS
3.6709, 1996, May, Russia, RUS
10.6681, 1996, Jun, Russia, RUS
15.4488, 1996, Jul, Russia, RUS
11.3389, 1996, Aug, Russia, RUS
3.99453, 1996, Sep, Russia, RUS
-4.7432, 1996, Oct, Russia, RUS
-14.865, 1996, Nov, Russia, RUS
-24.544, 1996, Dec, Russia, RUS
-26.484, 1997, Jan, Russia, RUS
-23.001, 1997, Feb, Russia, RUS
-14.171, 1997, Mar, Russia, RUS
-2.7651, 1997, Apr, Russia, RUS
4.02555, 1997, May, Russia, RUS
11.3665, 1997, Jun, Russia, RUS
14.3421, 1997, Jul, Russia, RUS
12.3931, 1997, Aug, Russia, RUS
5.97098, 1997, Sep, Russia, RUS
-2.5948, 1997, Oct, Russia, RUS
-18.057, 1997, Nov, Russia, RUS
-26.183, 1997, Dec, Russia, RUS
-26.652, 1998, Jan, Russia, RUS
-24.498, 1998, Feb, Russia, RUS
-15.69, 1998, Mar, Russia, RUS
-7.7908, 1998, Apr, Russia, RUS
2.18784, 1998, May, Russia, RUS
11.9182, 1998, Jun, Russia, RUS
16.193, 1998, Jul, Russia, RUS
13.147, 1998, Aug, Russia, RUS
4.50973, 1998, Sep, Russia, RUS
-6.3637, 1998, Oct, Russia, RUS
-21.231, 1998, Nov, Russia, RUS
-23.624, 1998, Dec, Russia, RUS
-26.626, 1999, Jan, Russia, RUS
-22.189, 1999, Feb, Russia, RUS
-20.568, 1999, Mar, Russia, RUS
-6.7147, 1999, Apr, Russia, RUS
3.17716, 1999, May, Russia, RUS
11.1827, 1999, Jun, Russia, RUS
15.7508, 1999, Jul, Russia, RUS
11.7378, 1999, Aug, Russia, RUS
5.46499, 1999, Sep, Russia, RUS
-4.1641, 1999, Oct, Russia, RUS
-17.729, 1999, Nov, Russia, RUS
-21.136, 1999, Dec, Russia, RUS
-27.235, 2000, Jan, Russia, RUS
-21.381, 2000, Feb, Russia, RUS
-14.922, 2000, Mar, Russia, RUS
-3.8342, 2000, Apr, Russia, RUS
3.88852, 2000, May, Russia, RUS
12.3387, 2000, Jun, Russia, RUS
15.0084, 2000, Jul, Russia, RUS
12.8786, 2000, Aug, Russia, RUS
5.6741, 2000, Sep, Russia, RUS
-5.4827, 2000, Oct, Russia, RUS
-18.935, 2000, Nov, Russia, RUS
-26.074, 2000, Dec, Russia, RUS
-28.068, 2001, Jan, Russia, RUS
-25.365, 2001, Feb, Russia, RUS
-16.563, 2001, Mar, Russia, RUS
-5.9074, 2001, Apr, Russia, RUS
4.65739, 2001, May, Russia, RUS
12.352, 2001, Jun, Russia, RUS
16.0098, 2001, Jul, Russia, RUS
13.021, 2001, Aug, Russia, RUS
5.30689, 2001, Sep, Russia, RUS
-5.1239, 2001, Oct, Russia, RUS
-13.913, 2001, Nov, Russia, RUS
-24.011, 2001, Dec, Russia, RUS
-24.592, 2002, Jan, Russia, RUS
-21.137, 2002, Feb, Russia, RUS
-12.324, 2002, Mar, Russia, RUS
-5.9436, 2002, Apr, Russia, RUS
3.73513, 2002, May, Russia, RUS
12.3913, 2002, Jun, Russia, RUS
15.7214, 2002, Jul, Russia, RUS
12.6347, 2002, Aug, Russia, RUS
5.57589, 2002, Sep, Russia, RUS
-5.1454, 2002, Oct, Russia, RUS
-16.757, 2002, Nov, Russia, RUS
-27.211, 2002, Dec, Russia, RUS
-25.404, 2003, Jan, Russia, RUS
-23.861, 2003, Feb, Russia, RUS
-14.594, 2003, Mar, Russia, RUS
-5.6001, 2003, Apr, Russia, RUS
4.16765, 2003, May, Russia, RUS
11.3849, 2003, Jun, Russia, RUS
15.5483, 2003, Jul, Russia, RUS
13.4477, 2003, Aug, Russia, RUS
6.9202, 2003, Sep, Russia, RUS
-3.5084, 2003, Oct, Russia, RUS
-17.743, 2003, Nov, Russia, RUS
-20.271, 2003, Dec, Russia, RUS
-24.739, 2004, Jan, Russia, RUS
-23.669, 2004, Feb, Russia, RUS
-16.302, 2004, Mar, Russia, RUS
-7.0745, 2004, Apr, Russia, RUS
3.51825, 2004, May, Russia, RUS
11.2962, 2004, Jun, Russia, RUS
15.1005, 2004, Jul, Russia, RUS
11.978, 2004, Aug, Russia, RUS
6.17846, 2004, Sep, Russia, RUS
-4.8019, 2004, Oct, Russia, RUS
-14.206, 2004, Nov, Russia, RUS
-25.892, 2004, Dec, Russia, RUS
-23.48, 2005, Jan, Russia, RUS
-24.955, 2005, Feb, Russia, RUS
-16.247, 2005, Mar, Russia, RUS
-5.4461, 2005, Apr, Russia, RUS
5.12613, 2005, May, Russia, RUS
12.2312, 2005, Jun, Russia, RUS
15.8514, 2005, Jul, Russia, RUS
12.5157, 2005, Aug, Russia, RUS
7.41616, 2005, Sep, Russia, RUS
-2.4379, 2005, Oct, Russia, RUS
-13.381, 2005, Nov, Russia, RUS
-22.805, 2005, Dec, Russia, RUS
-29.643, 2006, Jan, Russia, RUS
-24.376, 2006, Feb, Russia, RUS
-16.26, 2006, Mar, Russia, RUS
-8.6371, 2006, Apr, Russia, RUS
3.57521, 2006, May, Russia, RUS
12.802, 2006, Jun, Russia, RUS
15.0401, 2006, Jul, Russia, RUS
12.2364, 2006, Aug, Russia, RUS
6.81572, 2006, Sep, Russia, RUS
-5.1486, 2006, Oct, Russia, RUS
-16.366, 2006, Nov, Russia, RUS
-20.804, 2006, Dec, Russia, RUS
-20.248, 2007, Jan, Russia, RUS
-25.688, 2007, Feb, Russia, RUS
-14.41, 2007, Mar, Russia, RUS
-2.6328, 2007, Apr, Russia, RUS
4.41197, 2007, May, Russia, RUS
11.5052, 2007, Jun, Russia, RUS
15.6705, 2007, Jul, Russia, RUS
13.5482, 2007, Aug, Russia, RUS
6.88299, 2007, Sep, Russia, RUS
-2.4354, 2007, Oct, Russia, RUS
-14.981, 2007, Nov, Russia, RUS
-21.059, 2007, Dec, Russia, RUS
-25.205, 2008, Jan, Russia, RUS
-21.22, 2008, Feb, Russia, RUS
-12.356, 2008, Mar, Russia, RUS
-6.2705, 2008, Apr, Russia, RUS
4.0185, 2008, May, Russia, RUS
11.8916, 2008, Jun, Russia, RUS
15.109, 2008, Jul, Russia, RUS
12.918, 2008, Aug, Russia, RUS
5.80728, 2008, Sep, Russia, RUS
-1.972, 2008, Oct, Russia, RUS
-14.493, 2008, Nov, Russia, RUS
-22.27, 2008, Dec, Russia, RUS
-24.451, 2009, Jan, Russia, RUS
-26.624, 2009, Feb, Russia, RUS
-15.994, 2009, Mar, Russia, RUS
-4.6947, 2009, Apr, Russia, RUS
3.57505, 2009, May, Russia, RUS
11.7963, 2009, Jun, Russia, RUS
14.8661, 2009, Jul, Russia, RUS
12.4186, 2009, Aug, Russia, RUS
7.11397, 2009, Sep, Russia, RUS
-3.1272, 2009, Oct, Russia, RUS
-17.773, 2009, Nov, Russia, RUS
-26.341, 2009, Dec, Russia, RUS
-27.97, 2010, Jan, Russia, RUS
-26.767, 2010, Feb, Russia, RUS
-16.779, 2010, Mar, Russia, RUS
-5.7484, 2010, Apr, Russia, RUS
5.35467, 2010, May, Russia, RUS
12.2678, 2010, Jun, Russia, RUS
16.1353, 2010, Jul, Russia, RUS
12.969, 2010, Aug, Russia, RUS
5.80722, 2010, Sep, Russia, RUS
-3.506, 2010, Oct, Russia, RUS
-13.941, 2010, Nov, Russia, RUS
-25.453, 2010, Dec, Russia, RUS
-25.152, 2011, Jan, Russia, RUS
-25.195, 2011, Feb, Russia, RUS
-12.491, 2011, Mar, Russia, RUS
-2.8477, 2011, Apr, Russia, RUS
4.76823, 2011, May, Russia, RUS
12.9546, 2011, Jun, Russia, RUS
15.7804, 2011, Jul, Russia, RUS
12.6605, 2011, Aug, Russia, RUS
6.19888, 2011, Sep, Russia, RUS
-2.1087, 2011, Oct, Russia, RUS
-16.475, 2011, Nov, Russia, RUS
-21.299, 2011, Dec, Russia, RUS
-25.257, 2012, Jan, Russia, RUS
-23.885, 2012, Feb, Russia, RUS
-16.857, 2012, Mar, Russia, RUS
-3.9028, 2012, Apr, Russia, RUS
5.32058, 2012, May, Russia, RUS
13.4931, 2012, Jun, Russia, RUS
16.1877, 2012, Jul, Russia, RUS
12.2465, 2012, Aug, Russia, RUS
7.10046, 2012, Sep, Russia, RUS
-3.4193, 2012, Oct, Russia, RUS
-15.282, 2012, Nov, Russia, RUS
-25.624, 2012, Dec, Russia, RUS
-27.019, 2013, Jan, Russia, RUS
-24.038, 2013, Feb, Russia, RUS
-18.32, 2013, Mar, Russia, RUS
-4.1514, 2013, Apr, Russia, RUS
5.23718, 2013, May, Russia, RUS
12.5299, 2013, Jun, Russia, RUS
15.5927, 2013, Jul, Russia, RUS
13.0552, 2013, Aug, Russia, RUS
5.36626, 2013, Sep, Russia, RUS
-4.3219, 2013, Oct, Russia, RUS
-12.557, 2013, Nov, Russia, RUS
-19.047, 2013, Dec, Russia, RUS
-27.512, 2014, Jan, Russia, RUS
-23.891, 2014, Feb, Russia, RUS
-11.94, 2014, Mar, Russia, RUS
-2.93, 2014, Apr, Russia, RUS
4.78134, 2014, May, Russia, RUS
11.9932, 2014, Jun, Russia, RUS
14.9019, 2014, Jul, Russia, RUS
13.4225, 2014, Aug, Russia, RUS
5.78383, 2014, Sep, Russia, RUS
-4.9559, 2014, Oct, Russia, RUS
-16.385, 2014, Nov, Russia, RUS
-21.539, 2014, Dec, Russia, RUS
-23.863, 2015, Jan, Russia, RUS
-19.887, 2015, Feb, Russia, RUS
-13.092, 2015, Mar, Russia, RUS
-4.581, 2015, Apr, Russia, RUS
4.71529, 2015, May, Russia, RUS
12.9706, 2015, Jun, Russia, RUS
15.1593, 2015, Jul, Russia, RUS
12.5463, 2015, Aug, Russia, RUS
6.60203, 2015, Sep, Russia, RUS
-4.1429, 2015, Oct, Russia, RUS
-16.11, 2015, Nov, Russia, RUS
-20.342, 2015, Dec, Russia, RUS
-24.307, 2016, Jan, Russia, RUS
-19.446, 2016, Feb, Russia, RUS
-12.865, 2016, Mar, Russia, RUS
-3.0405, 2016, Apr, Russia, RUS
4.40713, 2016, May, Russia, RUS
13.0543, 2016, Jun, Russia, RUS
16.0391, 2016, Jul, Russia, RUS
13.5493, 2016, Aug, Russia, RUS
7.61563, 2016, Sep, Russia, RUS
-4.576, 2016, Oct, Russia, RUS
-17.898, 2016, Nov, Russia, RUS
-23.356, 2016, Dec, Russia, RUS
